<?xml version="1.0" encoding="UTF-8"?>
<project-private xmlns="http://www.netbeans.org/ns/project-private/1">
    <editor-bookmarks xmlns="http://www.netbeans.org/ns/editor-bookmarks/2" lastBookmarkId="0"/>
    <open-files xmlns="http://www.netbeans.org/ns/projectui-open-files/2">
        <group name="PPE GSB">
            <file>file:/C:/wamp64/www/GSB_AppliFrais/gsbMVC/vues/v_connexion.php</file>
            <file>file:/C:/wamp64/www/GSB_AppliFrais/gsbMVC/vues/vADM_listeCptUtilisateur.php</file>
            <file>file:/C:/wamp64/www/GSB_AppliFrais/gsbMVC/include/class.pdogsb.inc.php</file>
            <file>file:/C:/wamp64/www/GSB_AppliFrais/gsbMVC/vues/vADM_modifCatEmploye.php</file>
            <file>file:/C:/wamp64/www/GSB_AppliFrais/gsbMVC/controleurs/c_connexion.php</file>
            <file>file:/C:/wamp64/www/GSB_AppliFrais/gsbMVC/vues/vADM_listeCatFraisKm.php</file>
            <file>file:/C:/wamp64/www/GSB_AppliFrais/gsbMVC/styles/styles.css</file>
            <file>file:/C:/wamp64/www/GSB_AppliFrais/gsbMVC/vues/v1_entete.php</file>
            <file>file:/C:/wamp64/www/GSB_AppliFrais/gsbMVC/index.php</file>
            <file>file:/C:/wamp64/www/GSB_AppliFrais/gsbMVC/controleurs/cADM_gererCptUtilisateur.php</file>
            <file>file:/C:/wamp64/www/GSB_AppliFrais/gsbMVC/vues/vADM_listeCatFraisForfait.php</file>
            <file>file:/C:/wamp64/www/GSB_AppliFrais/gsbMVC/vues/vADM_listeCatEmploye.php</file>
            <file>file:/C:/wamp64/www/GSB_AppliFrais/gsbMVC/include/fct.inc.php</file>
        </group>
    </open-files>
</project-private>
